URL,Último rastreo
https://agenciapatagoniacoach.cl/marketing,2026-08-05
https://agenciapatagoniacoach.cl/servicios/comunicacion-digital,2026-08-05
https://agenciapatagoniacoach.cl/zonas/punta-arenas,2026-08-04
https://agenciapatagoniacoach.cl/servicios/inteligencia-artificial-punta-arenas,2026-08-03
https://agenciapatagoniacoach.cl/servicios/creacion-paginas-web-punta-arenas,2026-08-02
https://agenciapatagoniacoach.cl/servicios/automatizacion-con-ia,2026-08-02
https://agenciapatagoniacoach.cl/zonas/puerto-natales,2026-08-01
https://agenciapatagoniacoach.cl/servicios/seo-local-magallanes,2026-07-30
https://agenciapatagoniacoach.cl/servicios/desarrollo-web,2026-07-24
https://agenciapatagoniacoach.cl/servicios/marketing-digital-punta-arenas,2026-07-23
https://agenciapatagoniacoach.cl/consultoria,2026-07-17
https://agenciapatagoniacoach.cl/servicios/consultoria-transformacion-digital,2026-07-17
https://agenciapatagoniacoach.cl/servicios/manejo-redes-sociales-punta-arenas,2026-07-17
https://agenciapatagoniacoach.cl/zonas/magallanes,2026-07-15
https://agenciapatagoniacoach.cl/servicios/videos-redes-sociales-punta-arenas,2026-07-11
https://agenciapatagoniacoach.cl/servicios/creacion-reels-punta-arenas,2026-07-07
https://agenciapatagoniacoach.cl/servicios/automatizacion-ia-empresas,2026-07-05
https://agenciapatagoniacoach.cl/servicios/ia-generativa-visual,2026-07-01
https://agenciapatagoniacoach.cl/servicios/fotografia-para-redes-sociales,2026-06-22
https://agenciapatagoniacoach.cl/servicios/aplicaciones-web-pro,2026-06-21
https://agenciapatagoniacoach.cl/zonas/tierra-del-fuego,2026-06-10